Ruby Koans,29,
Ex1 Completed,05/17/13,07:00:00 PM
Ex2 Completed,05/17/13,07:21:00 PM
Ex3 Completed,05/17/13,07:28:00 PM
Ex4 Completed,05/17/13,07:43:00 PM
Ex5 Completed,05/17/13,08:44:00 PM
Ex6 Completed,05/17/13,09:10:00 PM
Ex7 Completed,05/17/13,09:47:00 PM
Ex8 Completed,05/17/13,10:00:00 PM
Ex9 Completed,05/17/13,01:23:00 PM
Ex10 Completed,05/18/13,04:25:00 PM
Ex11 Completed,05/18/13,05:13:00 PM
Ex12 Completed,05/18/13,05:27:00 PM
Ex13 Completed,05/18/13,05:30:00 PM
Ex14 Completed,05/18/13,06:00:00 PM
Ex15 Completed ,05/18/13,11:44:00 PM
Ex16 Completed,05/18/13,11:59:00 PM
Ex17 completed,05/22/2013,09:59:20 PM
Ex18 completed,05/22/2013,10:10:39 PM
Ex19 completed,05/23/2013,08:52:02 PM
Ex20 complete,05/23/2013,09:33:57 PM
Ex21 completed,05/23/2013,10:48:55 PM
Ex22 completed,05/28/2013,10:02:26 AM
Ex23 completed,05/28/2013,10:10:28 AM
Ex24 completed,05/28/2013,10:14:40 AM
Ex25 completed,05/28/2013,10:17:41 AM
Ex26 completed,05/29/2013,05:09:00 PM
Ex27 completed,05/29/2013,05:17:34 PM
